{"stats":{"minecraft:picked_up":{"minecraft:birch_log":12,"minecraft:raw_iron":1,"minecraft:mutton":3,"minecraft:white_wool":3,"minecraft:dirt":2,"minecraft:string":1,"minecraft:coal":7,"minecraft:cobblestone":13},"minecraft:used":{"minecraft:wooden_axe":10,"minecraft:cobblestone":3,"minecraft:crafting_table":1,"minecraft:stone_pickaxe":19,"minecraft:wooden_pickaxe":3},"minecraft:crafted":{"minecraft:birch_planks":48,"minecraft:crafting_table":1,"minecraft:stick":8,"minecraft:wooden_pickaxe":1,"minecraft:stone_pickaxe":1,"minecraft:wooden_axe":1},"minecraft:custom":{"minecraft:time_since_rest":5740,"minecraft:crouch_one_cm":228,"minecraft:play_time":5740,"minecraft:sprint_one_cm":26270,"minecraft:damage_taken":140,"minecraft:walk_one_cm":21051,"minecraft:sneak_time":45,"minecraft:mob_kills":4,"minecraft:jump":103,"minecraft:damage_dealt":520,"minecraft:walk_on_water_one_cm":1187,"minecraft:time_since_death":5740,"minecraft:total_world_time":5740,"minecraft:interact_with_crafting_table":3,"minecraft:fall_one_cm":1914,"minecraft:fly_one_cm":12481},"minecraft:killed":{"minecraft:sheep":2,"minecraft:spider":1,"minecraft:zombie":1},"minecraft:mined":{"minecraft:grass_block":2,"minecraft:coal_ore":7,"minecraft:birch_log":12,"minecraft:iron_ore":1,"minecraft:stone":13,"minecraft:birch_leaves":2}},"DataVersion":3465}