{"stats":{"minecraft:picked_up":{"minecraft:wooden_axe":1,"minecraft:birch_log":12,"minecraft:crafting_table":3,"minecraft:andesite":6,"minecraft:birch_planks":28,"minecraft:dirt":2,"minecraft:string":2,"minecraft:bone":4,"minecraft:cobbled_deepslate":5,"minecraft:raw_gold":1,"minecraft:furnace":8,"minecraft:raw_iron":52,"minecraft:oak_fence":3,"minecraft:torch":1,"minecraft:porkchop":3,"minecraft:diorite":2,"minecraft:arrow":1,"minecraft:rotten_flesh":4,"minecraft:diamond":4,"minecraft:black_wool":1,"minecraft:mutton":7,"minecraft:coal":50,"minecraft:white_wool":6,"minecraft:rail":3,"minecraft:cobblestone":52},"minecraft:used":{"minecraft:cooked_mutton":7,"minecraft:stone_sword":13,"minecraft:stone_pickaxe":47,"minecraft:shield":4,"minecraft:wooden_pickaxe":3,"minecraft:iron_sword":11,"minecraft:torch":6,"minecraft:dirt":2,"minecraft:crafting_table":5,"minecraft:wooden_axe":26,"minecraft:diamond_pickaxe":2,"minecraft:iron_axe":1,"minecraft:string":1,"minecraft:iron_pickaxe":101,"minecraft:cobblestone":18,"minecraft:furnace":8,"minecraft:cooked_porkchop":3},"minecraft:crafted":{"minecraft:cooked_porkchop":3,"minecraft:crafting_table":3,"minecraft:wooden_pickaxe":1,"minecraft:iron_helmet":1,"minecraft:iron_sword":1,"minecraft:furnace":2,"minecraft:birch_planks":48,"minecraft:cooked_mutton":7,"minecraft:air":0,"minecraft:diamond_pickaxe":1,"minecraft:iron_boots":1,"minecraft:iron_chestplate":1,"minecraft:shield":1,"minecraft:iron_axe":1,"minecraft:stick":16,"minecraft:iron_ingot":52,"minecraft:iron_pickaxe":1,"minecraft:stone_pickaxe":1,"minecraft:wooden_axe":1,"minecraft:stone_sword":1,"minecraft:iron_leggings":1,"minecraft:torch":8},"minecraft:custom":{"minecraft:interact_with_furnace":61,"minecraft:mob_kills":18,"minecraft:interact_with_crafting_table":21,"minecraft:leave_game":1,"minecraft:time_since_death":26983,"minecraft:time_since_rest":26983,"minecraft:sprint_one_cm":96308,"minecraft:damage_taken":744,"minecraft:walk_one_cm":89500,"minecraft:damage_blocked_by_shield":180,"minecraft:drop":7,"minecraft:damage_dealt":2471,"minecraft:fly_one_cm":54175,"minecraft:crouch_one_cm":2916,"minecraft:play_time":26983,"minecraft:sneak_time":1082,"minecraft:jump":433,"minecraft:walk_on_water_one_cm":2018,"minecraft:total_world_time":26983,"minecraft:fall_one_cm":10058},"minecraft:killed":{"minecraft:pig":3,"minecraft:spider":1,"minecraft:sheep":6,"minecraft:skeleton":4,"minecraft:zombie":4},"minecraft:mined":{"minecraft:deepslate_diamond_ore":4,"minecraft:oak_fence":3,"minecraft:crafting_table":3,"minecraft:torch":1,"minecraft:grass_block":2,"minecraft:cobblestone":3,"minecraft:diorite":2,"minecraft:large_fern":1,"minecraft:furnace":8,"minecraft:birch_log":12,"minecraft:iron_ore":44,"minecraft:birch_leaves":2,"minecraft:andesite":6,"minecraft:coal_ore":18,"minecraft:deepslate_iron_ore":8,"minecraft:cobweb":1,"minecraft:stone":50,"minecraft:gold_ore":1,"minecraft:oak_leaves":1,"minecraft:deepslate":5},"minecraft:dropped":{"minecraft:birch_planks":28,"minecraft:oak_fence":3,"minecraft:rotten_flesh":2,"minecraft:diorite":2,"minecraft:wooden_axe":1,"minecraft:raw_gold":1,"minecraft:string":1}},"DataVersion":3465}