{"stats":{"minecraft:picked_up":{"minecraft:birch_log":12,"minecraft:crafting_table":1,"minecraft:raw_iron":19,"minecraft:andesite":4,"minecraft:oak_fence":3,"minecraft:birch_planks":28,"minecraft:porkchop":3,"minecraft:string":2,"minecraft:dirt":2,"minecraft:bone":4,"minecraft:arrow":1,"minecraft:black_wool":1,"minecraft:mutton":7,"minecraft:coal":36,"minecraft:rail":1,"minecraft:white_wool":6,"minecraft:cobblestone":48,"minecraft:furnace":4},"minecraft:used":{"minecraft:cooked_mutton":6,"minecraft:wooden_axe":25,"minecraft:stone_sword":13,"minecraft:string":1,"minecraft:stone_pickaxe":47,"minecraft:iron_pickaxe":47,"minecraft:wooden_pickaxe":3,"minecraft:dirt":2,"minecraft:cobblestone":15,"minecraft:crafting_table":3,"minecraft:furnace":4,"minecraft:cooked_porkchop":2},"minecraft:crafted":{"minecraft:iron_boots":1,"minecraft:iron_chestplate":1,"minecraft:cooked_porkchop":3,"minecraft:crafting_table":2,"minecraft:stick":12,"minecraft:iron_pickaxe":1,"minecraft:iron_ingot":19,"minecraft:wooden_pickaxe":1,"minecraft:stone_pickaxe":1,"minecraft:wooden_axe":1,"minecraft:stone_sword":1,"minecraft:iron_sword":1,"minecraft:furnace":2,"minecraft:birch_planks":48,"minecraft:air":0,"minecraft:cooked_mutton":7},"minecraft:custom":{"minecraft:time_since_rest":17740,"minecraft:interact_with_furnace":26,"minecraft:sprint_one_cm":78152,"minecraft:damage_taken":590,"minecraft:walk_one_cm":63783,"minecraft:mob_kills":14,"minecraft:drop":2,"minecraft:damage_dealt":1740,"minecraft:interact_with_crafting_table":13,"minecraft:fly_one_cm":43225,"minecraft:crouch_one_cm":1760,"minecraft:play_time":17740,"minecraft:sneak_time":661,"minecraft:jump":310,"minecraft:time_since_death":17740,"minecraft:walk_on_water_one_cm":1187,"minecraft:total_world_time":17740,"minecraft:fall_one_cm":7213},"minecraft:killed":{"minecraft:skeleton":3,"minecraft:sheep":6,"minecraft:pig":3,"minecraft:zombie":1,"minecraft:spider":1},"minecraft:dropped":{"minecraft:birch_planks":28,"minecraft:string":1},"minecraft:mined":{"minecraft:large_fern":1,"minecraft:furnace":4,"minecraft:iron_ore":19,"minecraft:birch_log":12,"minecraft:andesite":4,"minecraft:birch_leaves":2,"minecraft:oak_fence":3,"minecraft:crafting_table":1,"minecraft:grass_block":2,"minecraft:coal_ore":18,"minecraft:cobweb":1,"minecraft:cobblestone":3,"minecraft:stone":46,"minecraft:oak_leaves":1}},"DataVersion":3465}