{"stats":{"minecraft:killed":{"minecraft:skeleton":2,"minecraft:zombie":1,"minecraft:chicken":4,"minecraft:spider":2},"minecraft:crafted":{"minecraft:wooden_sword":1,"minecraft:oak_planks":88,"minecraft:crafting_table":3,"minecraft:stick":20,"minecraft:wooden_pickaxe":1,"minecraft:cooked_chicken":4,"minecraft:stone_pickaxe":1,"minecraft:wooden_axe":1,"minecraft:furnace":1,"minecraft:torch":40,"minecraft:stone_axe":1,"minecraft:air":0},"minecraft:picked_up":{"minecraft:stick":1,"minecraft:feather":6,"minecraft:chicken":4,"minecraft:wooden_pickaxe":1,"minecraft:oak_log":36,"minecraft:dirt":18,"minecraft:spider_eye":1,"minecraft:string":4,"minecraft:rotten_flesh":1,"minecraft:wheat_seeds":2,"minecraft:oak_sapling":1,"minecraft:coal":29,"minecraft:cobblestone":15,"minecraft:furnace":2,"minecraft:egg":4},"minecraft:custom":{"minecraft:time_since_rest":23400,"minecraft:interact_with_furnace":9,"minecraft:sprint_one_cm":61995,"minecraft:damage_taken":270,"minecraft:walk_one_cm":47217,"minecraft:mob_kills":9,"minecraft:drop":6,"minecraft:damage_dealt":1220,"minecraft:swim_one_cm":2340,"minecraft:interact_with_crafting_table":11,"minecraft:fly_one_cm":57288,"minecraft:play_time":23400,"minecraft:crouch_one_cm":4952,"minecraft:sneak_time":1348,"minecraft:walk_under_water_one_cm":1038,"minecraft:jump":319,"minecraft:leave_game":2,"minecraft:time_since_death":23400,"minecraft:walk_on_water_one_cm":1607,"minecraft:total_world_time":23400,"minecraft:fall_one_cm":8809},"minecraft:used":{"minecraft:wooden_axe":14,"minecraft:stone_pickaxe":32,"minecraft:wooden_pickaxe":7,"minecraft:cooked_chicken":4,"minecraft:stone_axe":38,"minecraft:wooden_sword":3,"minecraft:dirt":9,"minecraft:crafting_table":3,"minecraft:furnace":2},"minecraft:mined":{"minecraft:large_fern":6,"minecraft:furnace":2,"minecraft:birch_leaves":5,"minecraft:grass":19,"minecraft:grass_block":8,"minecraft:oak_log":36,"minecraft:coal_ore":20,"minecraft:poppy":1,"minecraft:dirt":10,"minecraft:tall_grass":2,"minecraft:stone":15,"minecraft:oak_leaves":12},"minecraft:dropped":{"minecraft:wheat_seeds":2,"minecraft:wooden_axe":1,"minecraft:wooden_sword":1,"minecraft:spider_eye":1,"minecraft:wooden_pickaxe":1}},"DataVersion":3465}