{"stats":{"minecraft:crafted":{"minecraft:wooden_sword":1,"minecraft:oak_planks":56,"minecraft:crafting_table":3,"minecraft:stick":16,"minecraft:wooden_pickaxe":1,"minecraft:cooked_chicken":3,"minecraft:stone_pickaxe":1,"minecraft:wooden_axe":1,"minecraft:furnace":1,"minecraft:torch":40,"minecraft:air":0},"minecraft:picked_up":{"minecraft:stick":1,"minecraft:feather":4,"minecraft:chicken":3,"minecraft:wooden_pickaxe":1,"minecraft:oak_log":18,"minecraft:dirt":17,"minecraft:wheat_seeds":2,"minecraft:coal":20,"minecraft:cobblestone":15,"minecraft:egg":4},"minecraft:dropped":{"minecraft:wheat_seeds":2,"minecraft:wooden_pickaxe":1},"minecraft:custom":{"minecraft:time_since_rest":13939,"minecraft:interact_with_furnace":5,"minecraft:sprint_one_cm":37292,"minecraft:damage_taken":20,"minecraft:walk_one_cm":23713,"minecraft:mob_kills":3,"minecraft:drop":3,"minecraft:damage_dealt":120,"minecraft:interact_with_crafting_table":10,"minecraft:fly_one_cm":32770,"minecraft:crouch_one_cm":4776,"minecraft:play_time":13939,"minecraft:sneak_time":1325,"minecraft:walk_under_water_one_cm":102,"minecraft:jump":194,"minecraft:time_since_death":13939,"minecraft:walk_on_water_one_cm":1077,"minecraft:total_world_time":13939,"minecraft:fall_one_cm":6129},"minecraft:used":{"minecraft:wooden_axe":12,"minecraft:stone_pickaxe":29,"minecraft:wooden_pickaxe":7,"minecraft:cooked_chicken":2,"minecraft:wooden_sword":3,"minecraft:dirt":8,"minecraft:crafting_table":3,"minecraft:furnace":1},"minecraft:killed":{"minecraft:chicken":3},"minecraft:mined":{"minecraft:large_fern":6,"minecraft:birch_leaves":5,"minecraft:grass":12,"minecraft:oak_log":18,"minecraft:grass_block":7,"minecraft:coal_ore":20,"minecraft:poppy":1,"minecraft:dirt":10,"minecraft:stone":15,"minecraft:oak_leaves":6}},"DataVersion":3465}