{"stats":{"minecraft:crafted":{"minecraft:crafting_table":1,"minecraft:oak_planks":24},"minecraft:picked_up":{"minecraft:oak_log":6,"minecraft:dirt":3},"minecraft:custom":{"minecraft:jump":56,"minecraft:time_since_rest":1939,"minecraft:crouch_one_cm":41,"minecraft:sprint_one_cm":5771,"minecraft:play_time":1939,"minecraft:time_since_death":1939,"minecraft:walk_one_cm":6893,"minecraft:sneak_time":125,"minecraft:total_world_time":1939,"minecraft:interact_with_crafting_table":2,"minecraft:fall_one_cm":2063,"minecraft:fly_one_cm":8630},"minecraft:used":{"minecraft:dirt":3,"minecraft:crafting_table":1},"minecraft:mined":{"minecraft:poppy":1,"minecraft:grass_block":3,"minecraft:oak_log":6,"minecraft:birch_leaves":1,"minecraft:oak_leaves":6}},"DataVersion":3465}