{"stats":{"minecraft:picked_up":{"minecraft:grass_block":1},"minecraft:dropped":{"minecraft:fern":1,"minecraft:grass_block":1,"minecraft:stone":1},"minecraft:custom":{"minecraft:jump":21,"minecraft:time_since_rest":3309,"minecraft:leave_game":1,"minecraft:damage_dealt":60,"minecraft:crouch_one_cm":20,"minecraft:walk_on_water_one_cm":366,"minecraft:sprint_one_cm":2809,"minecraft:play_time":3309,"minecraft:damage_taken":60,"minecraft:time_since_death":3309,"minecraft:walk_one_cm":1678,"minecraft:sneak_time":227,"minecraft:total_world_time":3309,"minecraft:talked_to_villager":4,"minecraft:drop":3,"minecraft:fall_one_cm":476,"minecraft:fly_one_cm":88798}},"DataVersion":3465}