{"stats":{"minecraft:picked_up":{"minecraft:kelp":9,"minecraft:wheat_seeds":1,"minecraft:hay_block":1,"minecraft:dirt":2},"minecraft:dropped":{"minecraft:kelp":9,"minecraft:wheat_seeds":1},"minecraft:custom":{"minecraft:time_since_rest":10495,"minecraft:open_chest":2,"minecraft:play_time":10495,"minecraft:sprint_one_cm":11793,"minecraft:damage_taken":140,"minecraft:walk_one_cm":4341,"minecraft:sneak_time":1010,"minecraft:walk_under_water_one_cm":1627,"minecraft:drop":10,"minecraft:jump":139,"minecraft:damage_dealt":95,"minecraft:leave_game":2,"minecraft:time_since_death":10495,"minecraft:walk_on_water_one_cm":5965,"minecraft:total_world_time":10495,"minecraft:swim_one_cm":32986,"minecraft:fall_one_cm":5167,"minecraft:fly_one_cm":451353},"minecraft:mined":{"minecraft:hay_block":1,"minecraft:seagrass":9,"minecraft:grass":9,"minecraft:tall_seagrass":9,"minecraft:grass_block":2,"minecraft:kelp_plant":10,"minecraft:tall_grass":1,"minecraft:kelp":13},"minecraft:used":{"minecraft:dirt":2,"minecraft:hay_block":1,"alexsmobs:animal_dictionary":2}},"DataVersion":3465}