{"stats":{"minecraft:picked_up":{"minecraft:sweet_berries":2,"minecraft:oak_log":10,"minecraft:dirt":8},"minecraft:used":{"minecraft:dirt":8},"minecraft:crafted":{"minecraft:oak_planks":40,"minecraft:crafting_table":1,"minecraft:stick":4,"minecraft:wooden_pickaxe":1},"minecraft:killed_by":{"minecraft:creeper":1},"minecraft:custom":{"minecraft:time_since_rest":2216,"minecraft:crouch_one_cm":58,"minecraft:walk_one_cm":21723,"minecraft:play_time":5528,"minecraft:sprint_one_cm":15409,"minecraft:damage_taken":260,"minecraft:deaths":1,"minecraft:sneak_time":9,"minecraft:mob_kills":1,"minecraft:jump":54,"minecraft:damage_dealt":164,"minecraft:time_since_death":2185,"minecraft:total_world_time":5528,"minecraft:interact_with_crafting_table":4,"minecraft:fall_one_cm":3201,"minecraft:fly_one_cm":13932},"minecraft:mined":{"minecraft:grass_block":8,"minecraft:oak_log":10,"minecraft:oak_leaves":5}},"DataVersion":3465}