{"stats":{"minecraft:picked_up":{"minecraft:grass_block":1},"minecraft:dropped":{"minecraft:fern":1,"minecraft:grass_block":1,"minecraft:stone":1,"regions_unexplored:magnolia_log":1},"minecraft:custom":{"minecraft:jump":36,"minecraft:open_chest":1,"minecraft:time_since_rest":4148,"minecraft:damage_dealt":130,"minecraft:damage_taken":60,"minecraft:leave_game":2,"minecraft:crouch_one_cm":161,"minecraft:time_since_death":4148,"minecraft:play_time":4148,"minecraft:sprint_one_cm":4304,"minecraft:walk_one_cm":4060,"minecraft:walk_on_water_one_cm":388,"minecraft:sneak_time":356,"minecraft:total_world_time":4148,"minecraft:fall_one_cm":476,"minecraft:talked_to_villager":4,"minecraft:drop":4,"minecraft:fly_one_cm":123012}},"DataVersion":3465}